,X,t_diff,x_diff,(1/2)xx_diff,Beta_u,left,right,value,S,C,Phi,boundary_check
39,-4.797872543334961,0.6870388984680176,0.003534555435180664,0.015497207641601562,0.4948891638076305,1.1664308546340465,1.9107615947723389,1.1664308546340465,0.12370911174988136,2.615391253564878,0.0,2.615391253564878
175,-4.726454257965088,0.7209539413452148,0.0026047229766845703,0.04172325134277344,0.4949267699537277,1.174157459956169,1.9109067916870117,1.174157459956169,0.13286734468814923,2.7104845396247055,0.0,2.7104845396247055
104,-4.669497966766357,0.7304668426513672,0.0030875205993652344,0.1576542854309082,0.49494708591771125,1.0677596431381702,1.9109852313995361,1.0677596431381702,0.14065463848593024,2.7887393635718785,0.0,2.7887393635718785
189,-4.531734466552734,0.7787704467773438,0.0026941299438476562,-0.2092123031616211,0.4950434478076696,1.4830261977466344,1.9113572835922241,1.4830261977466344,0.16142990336192484,2.9877730532609768,0.0,2.9877730532609768
193,-4.447391033172607,0.7816791534423828,0.003832578659057617,-0.2047419548034668,0.4950801585693359,1.4815012668151855,1.9114990234375,1.4815012668151855,0.1756361361764686,3.1164353692859637,0.0,3.1164353692859637
170,-4.411398410797119,0.8110284805297852,0.0022232532501220703,0.16391277313232422,0.4950762682783603,1.1421919756758212,1.9114840030670166,1.1421919756758212,0.1820728841520841,3.1728882706341817,0.0,3.1728882706341817
132,-4.367859840393066,0.8222222328186035,0.003343820571899414,0.0095367431640625,0.4951043956996202,1.3077898853541612,1.9115926027297974,1.3077898853541612,0.19017517853787924,3.24276012889811,0.0,3.24276012889811
24,-4.28948974609375,0.8438467979431152,-0.0024080276489257812,0.044405460357666016,0.49512474253892896,1.2945660801243781,1.9116711616516113,1.2945660801243781,0.20567880110155407,3.3722245520444085,0.0,3.3722245520444085
40,-4.176845073699951,0.8259177207946777,0.0009655952453613281,-0.006854534149169922,0.49516163855254647,1.327933893496394,1.9118136167526245,1.327933893496394,0.23020274172056757,3.567470632663559,0.0,3.567470632663559
154,-4.117273807525635,0.8278012275695801,0.0011622905731201172,-0.025331974029541016,0.49519831843888756,1.3483315200380086,1.9119552373886108,1.3483315200380086,0.24433290803248522,3.675381637068476,0.0,3.675381637068476
12,-4.112022399902344,0.8149981498718262,0.0016868114471435547,-0.7593631744384766,0.4952326826758384,2.069594006986141,1.9120879173278809,1.9120879173278809,0.24561937465221845,3.685281151711374,0.0,3.685281151711374
180,-4.108796119689941,0.8214712142944336,-0.004231929779052734,-0.021457672119140625,0.49521008193778987,1.338138968351364,1.9120006561279297,1.338138968351364,0.24641309126807234,3.69105046045387,0.0,3.69105046045387
152,-4.035045623779297,0.7954835891723633,0.005882978439331055,0.12993812561035156,0.49524981848132604,1.1607952820433378,1.9121540784835815,1.1607952820433378,0.26527309866029397,3.8297243571867985,0.0,3.8297243571867985
129,-4.018272399902344,0.7963657379150391,0.004762411117553711,-0.20802021026611328,0.4952675409179926,1.4996534890991449,1.9122225046157837,1.4996534890991449,0.2697601093522322,3.862051249505053,0.0,3.862051249505053
6,-3.962649345397949,0.7776260375976562,0.0014841556549072266,0.1677870750427246,0.4952783472818136,1.1051173098367453,1.9122642278671265,1.1051173098367453,0.28519014541117055,3.970834115622632,0.0,3.970834115622632
149,-3.961449146270752,0.7909893989562988,0.0015079975128173828,0.2384185791015625,0.4952772666454315,1.0478480865001678,1.9122600555419922,1.0478480865001678,0.2855326358620359,3.973204288861819,0.0,3.973204288861819
44,-3.942584753036499,0.7776021957397461,0.004756450653076172,-0.16421079635620117,0.49530304754197596,1.4371160396379232,1.912359595298767,1.4371160396379232,0.29097016235382367,4.0109907440257775,0.0,4.0109907440257775
168,-3.9362552165985107,0.7660746574401855,0.0009715557098388672,-0.26494264602661133,0.4953167253110408,1.5263340287778377,1.912412405014038,1.5263340287778377,0.29281770948907543,4.023790353419222,0.0,4.023790353419222
80,-3.9283461570739746,0.7706642150878906,0.00171661376953125,0.18328428268432617,0.4953037885497808,1.0826837209533453,1.9123624563217163,1.0826837209533453,0.2951428047213885,4.039596596320068,0.0,4.039596596320068
27,-3.9034528732299805,0.7659912109375,0.0045359134674072266,-0.06884336471557617,0.4953171575655937,1.3301517332186699,1.9124140739440918,1.3301517332186699,0.3025820882744767,4.090198796656547,0.0,4.090198796656547
101,-3.8727478981018066,0.7478237152099609,0.005877017974853516,0.18328428268432617,0.4953352505061626,1.0598746830317973,1.9124839305877686,1.0598746830317973,0.31201697144356383,4.15350220978148,0.0,4.15350220978148
172,-3.8153350353240967,0.7409930229187012,0.0001251697540283203,-0.016391277313232422,0.4953599816416502,1.2527442818735839,1.9125794172286987,1.2527442818735839,0.3304549841633176,4.274430297134937,0.0,4.274430297134937
85,-3.753936529159546,0.7323980331420898,-0.0009477138519287109,0.011324882507324219,0.49535260243892665,1.2164257530736924,1.912550926208496,1.2164257530736924,0.3513802431507901,4.407350818384218,0.0,4.407350818384218
35,-3.6036176681518555,0.7387042045593262,-0.0010311603546142578,0.04380941390991211,0.4953290136904716,1.1902238043398856,1.9124598503112793,1.1902238043398856,0.4083757930696174,4.750430653783931,0.0,4.750430653783931
7,-3.5551140308380127,0.7566213607788086,-0.00035762786865234375,0.2199411392211914,0.4953048691861629,1.0319850907437802,1.9123666286468506,1.0319850907437802,0.4286717391594474,4.866572289772485,0.0,4.866572289772485
49,-3.5013504028320312,0.727999210357666,0.003355741500854492,-0.015795230865478516,0.49530598069787024,1.2391004219210147,1.9123709201812744,1.2391004219210147,0.45234948467438235,4.998911265451856,0.0,4.998911265451856
8,-3.459946393966675,0.7247090339660645,-0.0019788742065429688,-0.019669532775878906,0.495293321814537,1.2396718885564804,1.9123220443725586,1.2396718885564804,0.4714717033259561,5.103135650392794,0.0,5.103135650392794
97,-3.450883626937866,0.7452487945556641,-0.0027239322662353516,-0.2837181091308594,0.495299249876976,1.5242661535634994,1.9123449325561523,1.5242661535634994,0.4757639620259538,5.126327283676388,0.0,5.126327283676388
173,-3.360692024230957,0.740504264831543,-0.0025451183319091797,0.15348196029663086,0.4952740864869356,1.0822963910218477,1.9122477769851685,1.0822963910218477,0.5206684442891542,5.362038809780085,0.0,5.362038809780085
166,-3.351836919784546,0.742793083190918,0.0012874603271484375,-0.020265579223632812,0.4952755376272201,1.2583342000417708,1.9122533798217773,1.2583342000417708,0.5252994916883879,5.385800239208915,0.0,5.385800239208915
192,-3.3007538318634033,0.7443547248840332,0.0015139579772949219,-0.2631545066833496,0.49527448786616324,1.502783719433546,1.9122493267059326,1.502783719433546,0.5528306125718545,5.524839770268686,0.0,5.524839770268686
0,-3.219794273376465,0.7312536239624023,0.0018596649169921875,-0.2041459083557129,0.49526392850494383,1.430663460823059,1.9122085571289062,1.430663460823059,0.5994491838818826,5.752483907040764,0.0,5.752483907040764
2,-3.2079315185546875,0.723731517791748,-0.0026702880859375,-0.1633167266845703,0.49526791142189497,1.3823161558982133,1.9122239351272583,1.3823161558982133,0.6066026485883058,5.786683340582279,0.0,5.786683340582279
171,-3.1749796867370605,0.7203936576843262,0.0008404254913330078,-0.22351741790771484,0.49525920458018774,1.4391702801722288,1.912190318107605,1.4391702801722288,0.6269242960225244,5.882516731240888,0.0,5.882516731240888
147,-3.128507137298584,0.7089376449584961,-0.0036597251892089844,-0.2238154411315918,0.49525571566843984,1.4280088017585277,1.9121768474578857,1.4280088017585277,0.6567466599225534,6.020482727405052,0.0,6.020482727405052
167,-3.1231837272644043,0.7203221321105957,-0.003033876419067383,0.2720952033996582,0.49522959514331816,0.9434565238542556,1.9120759963989258,0.9434565238542556,0.6602521138879776,6.036178313326359,0.0,6.036178313326359
184,-3.0893049240112305,0.7065176963806152,0.0009059906005859375,-0.23126602172851562,0.4952476880838871,1.433031406193018,1.9121458530426025,1.433031406193018,0.6830038907221709,6.139314793074554,0.0,6.139314793074554
57,-3.087428331375122,0.6994724273681641,-0.003445148468017578,-0.2276897430419922,0.4952482129644155,1.4224103833745718,1.912147879600525,1.4224103833745718,0.684286814179795,6.145072973867477,0.0,6.145072973867477
108,-3.0597476959228516,0.6959915161132812,0.0007748603820800781,-0.04023313522338867,0.4952360480862856,1.2314606994229556,1.912100911140442,1.2314606994229556,0.7034929000373888,6.230388509100657,0.0,6.230388509100657
124,-2.9701883792877197,0.6817936897277832,0.0026285648345947266,-0.012516975402832031,0.49522249381852146,1.1895331589491367,1.912048578262329,1.1895331589491367,0.7694047014164701,6.514962282221949,0.0,6.514962282221949
13,-2.947977304458618,0.6774783134460449,0.0006318092346191406,0.006258487701416016,0.49522928639006614,1.166449112134695,1.9120748043060303,1.166449112134695,0.7866852056874709,6.587661723560756,0.0,6.587661723560756
36,-2.9423038959503174,0.6788015365600586,0.001329183578491211,-0.08702278137207031,0.495236881720066,1.261061199652195,1.9121041297912598,1.261061199652195,0.791161076944198,6.606439342599733,0.0,6.606439342599733
161,-2.926833152770996,0.6785154342651367,0.0021517276763916016,0.2086162567138672,0.49521514549112317,0.9651143230423926,1.912020206451416,0.9651143230423926,0.8034960967155832,6.657345560870855,0.0,6.657345560870855
31,-2.9059958457946777,0.6739974021911621,0.0003993511199951172,0.029206275939941406,0.49522141318213936,1.14001253943336,1.9120444059371948,1.14001253943336,0.8204144458054018,6.727013684274174,0.0,6.727013684274174
134,-2.7308237552642822,0.6695270538330078,-0.0030219554901123047,0.2086162567138672,0.49519532353234286,0.9561061206514835,1.9119436740875244,0.9561061206514835,0.9774838058530769,7.341105925027533,0.0,7.341105925027533
67,-2.6359150409698486,0.6747126579284668,0.0009775161743164062,-0.04112720489501953,0.4952081367923021,1.2110479996157884,1.911993145942688,1.2110479996157884,1.074800604438845,7.697340083839544,0.0,7.697340083839544
52,-2.490412950515747,0.6628274917602539,0.0006914138793945312,0.24706125259399414,0.4952098349351883,0.9109760741014481,1.9119997024536133,0.9109760741014481,1.2431360389497397,8.277026601495496,0.0,8.277026601495496
34,-2.4341068267822266,0.6412982940673828,0.00451207160949707,0.2506375312805176,0.49524438442409036,0.8859051472109556,1.9121330976486206,0.8859051472109556,1.3151403294147372,8.513475988615097,0.0,8.513475988615097
45,-2.420877456665039,0.6216049194335938,0.005364418029785156,-0.19609928131103516,0.49526769529461856,1.3129718960392474,1.9122231006622314,1.3129718960392474,1.3326544022278468,8.570266615866336,0.0,8.570266615866336
156,-2.3499457836151123,0.6203174591064453,-0.0031054019927978516,-0.020563602447509766,0.49526547227120393,1.136146533825159,1.9122145175933838,1.136146533825159,1.4306149939038315,8.879002848009723,0.0,8.879002848009723
118,-2.253020763397217,0.6305098533630371,-0.002288818359375,-0.023245811462402344,0.4951987506934404,1.1489544155188798,1.9119569063186646,1.1489544155188798,1.576219782644005,9.3177400557584,0.0,9.3177400557584
56,-2.2474782466888428,0.6310582160949707,-0.0027298927307128906,-0.0035762786865234375,0.495202949737668,1.1298374445191621,1.9119731187820435,1.1298374445191621,1.5849802622512321,9.343625175149894,0.0,9.343625175149894
51,-2.1951534748077393,0.6368637084960938,0.0017285346984863281,-0.03546476364135742,0.49518056512689584,1.167509037264347,1.9118866920471191,1.167509037264347,1.6701220812379047,9.590367109055405,0.0,9.590367109055405
186,-2.123283624649048,0.6404280662536621,0.0020503997802734375,-0.08672475814819336,0.4951585818953514,1.222311406297207,1.911801815032959,1.222311406297207,1.7945720413751207,9.940107429767176,0.0,9.940107429767176
164,-2.102710247039795,0.6316423416137695,-0.001806020736694336,-0.29772520065307617,0.49518127525937555,1.4245488175262213,1.9118894338607788,1.4245488175262213,1.8318748563432605,10.043139587588758,0.0,10.043139587588758
103,-2.0945334434509277,0.6339073181152344,-0.002652406692504883,-0.03427267074584961,0.4951669799838066,1.1633469688448905,1.9118342399597168,1.1633469688448905,1.8469151441832339,10.08391045229747,0.0,10.08391045229747
140,-1.7995375394821167,0.6330251693725586,-0.0007748603820800781,-0.24050474166870117,0.49519779355835913,1.368727704599619,1.9119532108306885,1.368727704599619,2.4806302516496785,11.683835576688919,0.0,11.683835576688919
77,-1.7416218519210815,0.6589055061340332,-0.006079673767089844,0.019371509552001953,0.49516574497079846,1.1346997415528297,1.9118294715881348,1.1346997415528297,2.6285394485710603,12.025645797761548,0.0,12.025645797761548
19,-1.7034595012664795,0.6828904151916504,-0.0024497509002685547,0.04082918167114258,0.49514320598340034,1.137204439503908,1.9117424488067627,1.137204439503908,2.7307893315327756,12.256286794013961,0.0,12.256286794013961
46,-1.668194055557251,0.692439079284668,-0.0025033950805664062,-0.06437301635742188,0.49512443378567694,1.2519365294277667,1.9116699695587158,1.2519365294277667,2.82881004815242,12.473402247047044,0.0,12.473402247047044
55,-1.6519125699996948,0.7086038589477539,-0.0015497207641601562,0.17017126083374023,0.495108316865921,1.0335409149799346,1.9116077423095703,1.0335409149799346,2.8752442613286444,12.574745366028916,0.0,12.574745366028916
109,-1.6460552215576172,0.6890058517456055,-0.0023126602172851562,0.20444393157958984,0.4951114661490917,0.9796733863151073,1.9116199016571045,0.9796733863151073,2.892134987967706,12.611633027975808,0.0,12.611633027975808
198,-1.6272348165512085,0.6895780563354492,-0.003606081008911133,-0.21278858184814453,0.4951160974478721,1.3974827356314659,1.911637783050537,1.3974827356314659,2.9470815764332188,12.730750681527176,0.0,12.730750681527176
151,-1.6124740839004517,0.6995916366577148,0.00029206275939941406,0.1919269561767578,0.495100104029417,1.002764784510374,1.9115760326385498,1.002764784510374,2.9909052991230958,12.824452281191476,0.0,12.824452281191476
11,-1.5622485876083374,0.7092952728271484,0.0003159046173095703,0.042319297790527344,0.4951058468399048,1.1620818218765259,1.9115982055664062,1.1620818218765259,3.1449613901459204,13.150079508764842,0.0,13.150079508764842
91,-1.5310461521148682,0.698554515838623,0.0007092952728271484,-0.012814998626708984,0.4951136274218559,1.206483141887188,1.911628246307373,1.206483141887188,3.244638847806235,13.356638605598029,0.0,13.356638605598029
42,-1.523478627204895,0.7000088691711426,0.0006616115570068359,0.038743019104003906,0.4951129790400266,1.1563788291071653,1.9116257429122925,1.1563788291071653,3.269285873980593,13.40715366953216,0.0,13.40715366953216
197,-1.4902738332748413,0.7129430770874023,-0.002473592758178711,0.25659799575805664,0.49510211092555517,0.9514471922549008,1.9115837812423706,0.9514471922549008,3.379664241841316,13.630850755085719,0.0,13.630850755085719
114,-1.3821667432785034,0.8135557174682617,-0.004416704177856445,-0.04410743713378906,0.49501655539941786,1.3526797100014687,1.9112534523010254,1.3526797100014687,3.765510555707034,14.383882095436293,0.0,14.383882095436293
121,-1.3691766262054443,0.8258700370788574,-0.006473064422607422,-0.1233816146850586,0.4949950970484018,1.4442467488123178,1.9111706018447876,1.4442467488123178,3.8147440608472722,14.476794664389676,0.0,14.476794664389676
98,-1.3654305934906006,0.8286595344543457,-0.006598234176635742,-0.06556510925292969,0.49499241089510915,1.3892170546023845,1.9111602306365967,1.3892170546023845,3.829061016047043,14.503802307882717,0.0,14.503802307882717
145,-1.3116610050201416,0.8995890617370605,-0.005608797073364258,-0.21010637283325195,0.49490762725210186,1.6046030618224143,1.9108328819274902,1.6046030618224143,4.040583838782935,14.895670055901077,0.0,14.895670055901077
107,-1.1622066497802734,0.9914278984069824,-0.006639957427978516,0.21159648895263672,0.49455589554738993,1.2743873050017356,1.9094748497009277,1.2743873050017356,4.691927840084972,16.03762203578379,0.0,16.03762203578379
110,-1.1593952178955078,0.9860396385192871,-0.006842613220214844,-0.2110004425048828,0.4945550619136095,1.6915951429377794,1.9094716310501099,1.6915951429377794,4.705137435854088,16.060110006306004,0.0,16.060110006306004
182,-1.1546745300292969,0.9748339653015137,-0.010973215103149414,0.20623207092285156,0.4945384509886503,1.2631403453673125,1.9094074964523315,1.2631403453673125,4.72740143039494,16.097445475267396,0.0,16.097445475267396
102,-1.0643203258514404,0.9114861488342285,-0.0032901763916015625,0.03248453140258789,0.4943653947908878,1.3733670122225283,1.9087393283843994,1.3733670122225283,5.174433555317257,16.833944352877065,0.0,16.833944352877065
69,-1.0033758878707886,0.8821010589599609,-0.003516674041748047,-0.011920928955078125,0.4943099427068233,1.3883319306218624,1.9085252285003662,1.3883319306218624,5.499594230430302,17.351803431866255,0.0,17.351803431866255
146,-0.9618456363677979,0.8508205413818359,0.007337331771850586,0.061392784118652344,0.4943034280132055,1.283731185276389,1.908500075340271,1.283731185276389,5.73280285015315,17.71491360267755,0.0,17.71491360267755
68,-0.9603496193885803,0.8518099784851074,0.007140636444091797,0.27000904083251953,0.4943026561300754,1.0761035937826633,1.9084970951080322,1.0761035937826633,5.741385638953635,17.728115260442106,0.0,17.728115260442106
59,-0.8889641165733337,0.8088827133178711,0.012433528900146484,-0.2518296241760254,0.4944759902057647,1.5551883276996612,1.9091663360595703,1.5551883276996612,6.166220469671713,18.377439173794038,0.0,18.377439173794038
43,-0.8765273094177246,0.8163094520568848,0.011587142944335938,0.07808208465576172,0.4945064024010896,1.2327337698022127,1.9092837572097778,1.2327337698022127,6.243387425162084,18.492980898676162,0.0,18.492980898676162
169,-0.7661615610122681,0.7215142250061035,0.006091594696044922,0.04470348358154297,0.4949300736135244,1.171740815038085,1.9109195470809937,1.171740815038085,6.971905965311223,19.556743179420398,0.0,19.556743179420398
139,-0.5572079420089722,0.5296826362609863,0.013148784637451172,0.20891427993774414,0.4954379418377876,0.8162062981610299,1.9128804206848145,0.8162062981610299,8.592092118133069,21.728257834187733,0.0,21.728257834187733
75,-0.5139697194099426,0.5168914794921875,0.012993812561035156,-0.04112720489501953,0.49558426000392436,1.0536029443911314,1.9134453535079956,1.0536029443911314,8.971747576638768,22.208714973005268,0.0,22.208714973005268
73,-0.4657495319843292,0.560760498046875,0.012999773025512695,0.0,0.4957321219363212,1.0564926199831963,1.9140162467956543,1.0564926199831963,9.414967113544959,22.75636681027339,0.0,22.75636681027339
127,-0.45729541778564453,0.5686044692993164,0.013148784637451172,0.0,0.495761144742012,1.0643656140413285,1.914128303527832,1.0643656140413285,9.494899724331248,22.853907576846254,0.0,22.853907576846254
17,-0.43726304173469543,0.5663156509399414,0.014120340347290039,0.05632638931274414,0.49582925570940967,1.005818517336607,1.914391279220581,1.005818517336607,9.687023044657096,23.08667579081935,0.0,23.08667579081935
179,-0.31257858872413635,0.5041718482971191,0.014913082122802734,-0.23603439331054688,0.4963649117263555,1.2365711533340216,1.9164594411849976,1.2365711533340216,10.973372017005648,24.595239992662446,0.0,24.595239992662446
63,-0.30760499835014343,0.5090713500976562,0.013047456741333008,-0.4455447196960449,0.4963960649294853,1.4510121347231864,1.9165797233581543,1.4510121347231864,11.028085021691954,24.657904299164365,0.0,24.657904299164365
61,-0.2916983664035797,0.5121469497680664,0.011110305786132812,-0.21606683731079102,0.496428422270298,1.2246422093491554,1.9167046546936035,1.2246422093491554,11.204907306412924,24.85602311512031,0.0,24.85602311512031
95,-0.05505598708987236,0.48546791076660156,0.006687641143798828,-0.0017881393432617188,0.4970077977477312,0.9842638478575945,1.918941617012024,0.9842638478575945,14.19648237731729,28.004103596516742,0.0,28.004103596516742
158,-0.02439081110060215,0.501406192779541,0.0050008296966552734,0.2866983413696289,0.4970460831509828,0.711753934560895,1.919089436531067,0.711753934560895,14.638563615167135,28.438106049163256,0.0,28.438106049163256
92,0.028242263942956924,0.5581855773925781,0.00896453857421875,-0.03516674041748047,0.49715670944118495,1.0905090272512434,1.891272621229291,1.0905090272512434,15.429672866947445,29.20139421598913,0.4296728669474459,28.771721349041684
3,0.038966868072748184,0.5658626556396484,0.008952617645263672,-0.049173831939697266,0.4971830769689083,1.112219564548254,1.8806475177407265,1.112219564548254,15.596040519312293,29.35964369560325,0.5960405193122931,28.763603176290957
128,0.06779395043849945,0.5958080291748047,0.013124942779541016,0.26285648345947266,0.4972491810401678,0.8302007267554998,1.852062076330185,0.8302007267554998,16.05217174345045,29.788986076014258,1.0521717434504518,28.736814332563807
38,0.074104443192482,0.6199359893798828,0.01417994499206543,-0.14662742614746094,0.497287095939517,1.2638505114668608,1.8458930477499962,1.2638505114668608,16.15378914764979,29.885216082051958,1.1537891476497897,28.73142693440217
86,0.08258737623691559,0.6323575973510742,0.01341700553894043,-0.13530254364013672,0.4973069178982973,1.2649670588895083,1.837478756904602,1.2649670588895083,16.291403520932164,30.01318411694135,1.2914035209321628,28.721780596009186
21,0.11478345096111298,0.6520867347717285,0.014632940292358398,0.1990795135498047,0.4973956844582557,0.9504029056801795,1.8055795654654503,0.9504029056801795,16.824457848894884,30.504709318141277,1.8244578488948826,28.680251469246393
74,0.16968533396720886,0.7392048835754395,0.027173757553100586,1.1461973190307617,0.49758788335764403,0.09059544790232177,1.7512634545564651,0.09059544790232177,17.77397902230461,31.364085079676894,2.7739790223046104,28.59010605737228
144,0.1804787963628769,0.730431079864502,0.0387728214263916,0.9605288505554199,0.4976860668917894,0.26758829620087143,1.7408039420843124,0.26758829620087143,17.966860855370555,31.53968796798745,2.9668608553705544,28.572827112616896
113,0.2817264497280121,0.6999731063842773,0.026971101760864258,-0.2503395080566406,0.4987029457273483,1.4490155601682662,1.6427478790283203,1.4490155601682662,19.881241536850006,33.241875659152015,4.881241536850006,28.36063412230201
194,0.3065430819988251,0.7252931594848633,0.029027462005615234,-0.11652708053588867,0.4988957312579155,1.3407159712786674,1.6183918714523315,1.3407159712786674,20.380800038848363,33.66909636565717,5.380800038848363,28.288296326808805
76,0.3282463848590851,0.7467269897460938,0.03298521041870117,0.19490718841552734,0.4990618096321821,1.0508816109627486,1.5970419347286224,1.0508816109627486,20.827965647588194,34.047042781540725,5.827965647588193,28.21907713395253
23,0.5268872976303101,0.6567835807800293,0.060933828353881836,-0.01817941665649414,0.5019790338586568,1.1769420312951802,1.4048515558242798,1.1769420312951802,25.404783898032903,37.814528987368284,10.404783898032901,27.40974508933538
15,0.7713013887405396,0.5939126014709473,0.12139081954956055,0.909268856048584,0.5073419543451071,0.19198569976747037,1.167668879032135,0.19198569976747037,32.438681684507195,43.1759191951758,17.438681684507195,25.737237510668606
174,0.8100781440734863,0.5654811859130859,0.15919208526611328,1.0916590690612793,0.508679689560175,-0.017498193588018407,1.1309217810630798,-0.017498193588018407,33.721254813404585,44.135559577706935,18.721254813404585,25.41430476430235
105,0.821272611618042,0.5438566207885742,0.15468597412109375,0.30308961868286133,0.5091384351420403,0.7499054372477532,1.1205351948738098,0.7499054372477532,34.10086712051434,44.42281842506202,19.10086712051434,25.321951304547678
32,0.8327217698097229,0.5166053771972656,0.15845298767089844,-0.15169382095336914,0.5096158294203281,1.177915027570963,1.1099162101745605,1.1099162101745605,34.493536922632124,44.71922987956567,19.493536922632128,25.22569295693354
65,0.9501807689666748,0.2131819725036621,0.15088915824890137,2.963244915008545,0.5143177400695085,-2.2357452024353743,0.9985068440437317,-2.2357452024353743,38.792656764431804,47.856154385641595,23.792656764431804,24.06349762120979
5,0.9669867753982544,0.1224517822265625,0.22245049476623535,3.408193588256836,0.5151093525323868,-2.770632453497887,0.9827547073364258,-2.770632453497887,39.45011555744777,48.33345120473687,24.450115557447777,23.88333564728909
130,0.9838569760322571,0.07042884826660156,0.24510622024536133,0.1722574234008789,0.5161862838754654,0.41435770874118805,0.9679604768753052,0.41435770874118805,40.121292448131555,48.84395501808395,25.121292448131555,23.722662569952398
111,1.0028146505355835,0.17365217208862305,0.24415254592895508,0.06198883056640625,0.5173685618281364,0.6290319033503532,0.9511400461196899,0.6290319033503532,40.88915429155802,49.421141345194776,25.88915429155802,23.531987053636755
28,1.0049692392349243,0.16618967056274414,0.24423599243164062,0.1856684684753418,0.5175050307655334,0.4980262328529358,0.9492305517196655,0.4980262328529358,40.97734857840877,49.48735464209261,25.977348578408773,23.51000606368384
165,1.0388174057006836,0.23152828216552734,0.3153681755065918,1.7976760864257812,0.5198678576526642,-1.0462799466075898,0.9199140071868896,-1.0462799466075898,42.38809764045946,50.56010483096603,27.388097640459467,23.172007190506566
88,1.0750352144241333,0.28586387634277344,0.3186345100402832,-0.0864267349243164,0.5228494260568618,0.8951400373239516,0.8899474143981934,0.8899474143981934,43.951441205446606,51.777431485949066,28.951441205446606,22.82599028050246
94,1.1205947399139404,0.3974437713623047,0.30618906021118164,-1.106858253479004,0.5265841053934097,2.0308861302347183,0.8516582250595093,0.8516582250595093,46.000163048533516,53.34637974002406,31.00016304853352,22.346216691490543
83,1.1748462915420532,0.6520748138427734,0.36034584045410156,7.792115211486816,0.5306175343766212,-6.6094228632674215,0.8036583662033081,-6.6094228632674215,48.56467878195217,55.2300983895061,33.56467878195217,21.66541960755393
159,1.1821341514587402,0.6426334381103516,0.42548179626464844,6.102323532104492,0.531417452301979,-4.928272641692161,0.7981375455856323,-4.928272641692161,48.91990420211139,55.51488010900623,33.91990420211139,21.594975906894838
29,1.2280093431472778,0.7598876953125,0.4519462585449219,-0.31113624572753906,0.5368502127740383,1.6078741538140773,0.7645301818847656,0.7645301818847656,51.21638724676575,57.38104732662224,36.21638724676575,21.16466007985649
89,1.2699968814849854,0.62408447265625,0.45429468154907227,-0.6443262100219727,0.5418145945627689,1.8102252772409915,0.7331327199935913,0.7331327199935913,53.41262186700982,59.13781625493112,38.41262186700982,20.7251943879213
64,1.2982757091522217,0.6400823593139648,0.4539966583251953,0.30875205993652344,0.5451287519700527,0.8764590513474941,0.7115347385406494,0.7115347385406494,54.94462776842125,60.345106938236256,39.94462776842125,20.400479169815007
187,1.3836842775344849,0.5357503890991211,0.4237055778503418,0.23245811462402344,0.5550091030375958,0.8583013775126934,0.6440730094909668,0.6440730094909668,59.8435991832684,64.11390380100191,44.8435991832684,19.270304617733508
1,1.4448283910751343,0.16562938690185547,0.5282402038574219,-0.48041343688964844,0.5625938119256496,1.2086366357171534,0.5960725545883179,0.5960725545883179,63.61686398387499,67.00354594095266,48.61686398387499,18.38668195707767
16,1.4961210489273071,-0.07929801940917969,0.5582213401794434,0.34809112548828125,0.5696214064457417,0.14223226154828073,0.5572327375411987,0.14223226154828073,66.96507735737194,69.59930786019983,51.96507735737193,17.634230502827897
33,1.5101337432861328,-0.020837783813476562,0.541841983795166,-0.4011392593383789,0.5716068133575916,0.9519082888824939,0.5466876029968262,0.5466876029968262,67.91004381980021,70.33196446886424,52.91004381980021,17.421920649064035
183,1.586865782737732,0.18596649169921875,0.5524873733520508,0.18656253814697266,0.5825056796529292,0.5819096332051753,0.4875708818435669,0.4875708818435669,73.32605361276617,74.47051236573556,58.326053612766174,16.144458752969385
48,1.6183494329452515,0.16431808471679688,0.5480289459228516,-0.29146671295166016,0.5869601863212585,1.0427449839897154,0.46250224113464355,0.46250224113464355,75.6713509743755,76.22821252547274,60.67135097437549,15.55686155109725
53,1.6632477045059204,0.14388561248779297,0.5351543426513672,0.641942024230957,0.593281476902008,0.09522506515884399,0.425850510597229,0.09522506515884399,79.14628947807644,78.79486543397249,64.14628947807644,14.64857595589605
195,1.67826247215271,0.1379251480102539,0.5476951599121094,0.19848346710205078,0.59541477662158,0.5348564575297832,0.41345882415771484,0.41345882415771484,80.34361894247859,79.67290122517174,65.34361894247859,14.329282282693157
25,1.7043921947479248,0.14672279357910156,0.544440746307373,0.28967857360839844,0.5990776399517059,0.45612185992240906,0.39144694805145264,0.39144694805145264,82.47064368126365,81.2150999007029,67.47064368126365,13.744456219439243
70,1.7094066143035889,0.157928466796875,0.545811653137207,0.27358531951904297,0.5997941944990157,0.48413734177684775,0.38723766803741455,0.38723766803741455,82.88522466249812,81.5159548526473,67.88522466249812,13.63073019014918
138,1.7225421667099,0.15261173248291016,0.5485296249389648,1.3083219528198242,0.6016226930081844,-0.5540875273287297,0.37596631050109863,-0.5540875273287297,83.98114990873073,82.30215669370229,68.98114990873073,13.321006784971559
190,1.7853949069976807,0.25627613067626953,0.6104469299316406,0.06258487701416016,0.6110986390662193,0.8047898927283287,0.3236560821533203,0.3236560821533203,89.4290083825669,86.26196076847793,74.4290083825669,11.832952385911028
26,1.8218040466308594,0.4370689392089844,0.6174087524414062,0.7110834121704102,0.616856887216568,0.34284241425514217,0.2934741973876953,0.2934741973876953,92.74504229677753,88.67123534824759,77.74504229677753,10.926193051470065
14,1.852049708366394,0.5060195922851562,0.6486058235168457,2.0831823348999023,0.6218129326674938,-0.9553498099472523,0.2685387134552002,-0.9553498099472523,95.59303000181177,90.74291323733878,80.59303000181177,10.149883235527014
185,1.9054218530654907,0.11501312255859375,0.8773684501647949,3.9446353912353516,0.6321017642874718,-3.197520504389286,0.2292940616607666,-3.197520504389286,100.83364242476927,94.73411552296916,85.83364242476927,8.900473098199896
78,1.922918438911438,0.1772165298461914,0.90789794921875,1.869797706604004,0.6360903622984886,-1.056490814459324,0.21846413612365723,-1.056490814459324,102.61341144308554,96.16786053290517,87.61341144308554,8.554449089819627
117,1.934915542602539,0.2853870391845703,0.916588306427002,0.9512901306152344,0.638974982181549,-0.02692810924911504,0.2115166187286377,-0.02692810924911504,103.85188939997312,97.18403376144713,88.85188939997312,8.332144361474008
106,1.937708854675293,0.3440380096435547,0.9086012840270996,3.497600555419922,0.6395527212667464,-2.5140098245096207,0.20952486991882324,-2.5140098245096207,104.1423856708974,97.40758242229516,89.1423856708974,8.265196751397767
50,2.0087475776672363,0.6994962692260742,1.0352849960327148,-0.18894672393798828,0.6574828253705501,1.5459258185346125,0.16985797882080078,0.16985797882080078,111.80963959336393,103.75184709353837,96.80963959336393,6.942207500174447
72,2.0280797481536865,0.6758451461791992,1.0265707969665527,-1.3464689254760742,0.662743610281229,2.6850576819365024,0.16002130508422852,0.16002130508422852,113.99219136564514,105.59576609143633,98.99219136564514,6.603574725791191
136,2.115464448928833,0.5804061889648438,1.252126693725586,-1.5556812286376953,0.6890852027313709,2.82517262033391,0.12259697914123535,0.12259697914123535,124.4015512435817,114.68622984066938,109.4015512435817,5.284678597087691
120,2.1346652507781982,0.516200065612793,1.235198974609375,-1.7017126083374023,0.6953191161417961,2.9132317900919915,0.11545276641845703,0.11545276641845703,126.81323986361366,116.83785730542621,111.81323986361366,5.024617441812552
125,2.137582540512085,0.5556344985961914,1.2331843376159668,-0.7951259613037109,0.6962019034399985,2.046962363339901,0.11409759521484375,0.11409759521484375,127.18373097859403,117.15662040192036,112.18373097859403,4.972889423326336
93,2.3080170154571533,0.3321409225463867,1.2479066848754883,0.016689300537109375,0.7509151409723758,1.0663667629816531,0.037169694900512695,0.037169694900512695,150.81700531536458,137.5808053531259,135.81700531536458,1.7638000377613139
153,2.34133243560791,0.3027200698852539,1.2005329132080078,1.315474510192871,0.7615778727805614,-0.25117656752705575,0.019634246826171875,-0.25117656752705575,155.92617167130746,141.87346846722787,140.92617167130746,0.9472967959204084
116,2.3792428970336914,0.25119781494140625,1.2379050254821777,0.2467632293701172,0.7738059218258857,0.7782405073971748,-0.000946044921875,-0.000946044921875,161.95088303778869,146.90433302611348,146.95088303778869,-0.046550011675208225
131,2.379531145095825,0.2246379852294922,1.2434840202331543,0.7104873657226562,0.7739232480616569,0.28807386756849285,-0.0010128021240234375,-0.0010128021240234375,161.99757179463373,146.94774182287262,146.99757179463373,-0.049829971761113256
10,2.385485887527466,0.16622543334960938,1.2377023696899414,-0.1055002212524414,0.7758562904219627,1.0475819450240134,-0.004296541213989258,-0.004296541213989258,162.9651034511562,147.7531604467823,147.9651034511562,-0.21194300437392144
155,2.398209571838379,0.21784305572509766,1.2466907501220703,-0.8159875869750977,0.779950852549076,1.8137814952492715,-0.011540651321411133,-0.011540651321411133,165.0518674921259,149.47897730353947,150.0518674921259,-0.5728901885864275
100,2.437124252319336,0.19974708557128906,1.255631446838379,1.8990039825439453,0.792363227285862,-0.9068936696867943,-0.034891366958618164,-0.9068936696867943,171.60141851455754,154.8354882750826,156.60141851455754,-1.7659302394749261
178,2.5665509700775146,0.11670589447021484,1.0661602020263672,1.919865608215332,0.8315062235703468,-0.9716534901747704,-0.12943601608276367,-0.9716534901747704,195.3125646970818,173.32457552798138,180.3125646970818,-6.987989169100416
141,2.583956003189087,0.017881393432617188,1.0706901550292969,-0.0673532485961914,0.8364099662203788,0.9216446082491874,-0.14458942413330078,-0.14458942413330078,198.74174225947766,175.86755917837988,183.74174225947766,-7.874183081097783
41,2.6201062202453613,-0.08687973022460938,1.0537505149841309,-0.3027915954589844,0.8463939348793029,1.0623058001136778,-0.17766284942626953,-0.17766284942626953,206.05774011747587,181.20630296912668,191.05774011747587,-9.851437148349191
22,2.6458802223205566,-0.15077590942382812,1.0836362838745117,0.864863395690918,0.8533894190611838,-0.16224988605356228,-0.2024064064025879,-0.2024064064025879,211.4377065495548,185.0689542764984,196.4377065495548,-11.368752273056401
148,2.682666778564453,-0.2229928970336914,1.0581731796264648,-0.49054622650146484,0.8635887122380733,1.1311420417058469,-0.23790621757507324,-0.23790621757507324,219.36060627955706,190.7503736243224,204.36060627955706,-13.610232655234654
81,2.803757429122925,-1.3241291046142578,1.063704490661621,-1.4328956604003906,0.8970697296361922,1.005836285422325,-0.3638310432434082,-0.3638310432434082,247.59828894499034,210.48761832239168,232.59828894499034,-22.11067062259866
90,2.815438985824585,-1.4179229736328125,1.0536432266235352,-2.033710479736328,0.9002736003818511,1.5160611064853668,-0.37680935859680176,-0.37680935859680176,250.50758184840686,212.47430212655524,235.50758184840686,-23.033279721851613
9,2.8870983123779297,-1.9904375076293945,0.8868694305419922,0.5930662155151367,0.917173147881031,-1.6663305752635003,-0.4699821472167969,-1.6663305752635003,269.11761471807887,224.343107676499,254.1176147180789,-29.77450704157991
62,2.9253387451171875,-2.2748470306396484,0.866389274597168,1.1914968490600586,0.9257317880272865,-2.5406120916724206,-0.5235810279846191,-2.5406120916724206,279.60809058343733,230.79892090120137,264.60809058343733,-33.80916968223596
122,3.0330514907836914,-2.4139881134033203,0.3246784210205078,0.5757808685302734,0.942496348604679,-2.0472726333289146,-0.7111001014709473,-2.0472726333289146,311.4072969616341,247.95394355891744,296.4072969616341,-48.45335340271663
157,3.0543344020843506,-2.462482452392578,0.3267049789428711,-1.5681982040405273,0.9442541426191329,0.04996989426708209,-0.7556309700012207,-0.7556309700012207,318.10598174588955,251.06867162284135,303.10598174588955,-52.0373101230482
191,3.071991443634033,-2.5150537490844727,0.27375221252441406,-1.9335746765136719,0.945723808098793,0.3642447355279922,-0.792910099029541,-0.792910099029541,323.77267356408305,253.68480661213638,308.77267356408305,-55.087866951946665
66,3.073054790496826,-2.530670166015625,0.30410289764404297,-2.3376941680908203,0.9458206331186294,0.7528446351938247,-0.7951345443725586,-0.7951345443725586,324.1171393316147,253.84543657002405,309.1171393316147,-55.27170276159063
87,3.0943517684936523,-2.546405792236328,0.25107860565185547,-0.28252601623535156,0.9473038837413787,-1.3165758922595978,-0.8417057991027832,-1.3165758922595978,331.09388299813116,256.9598234171925,316.09388299813116,-59.13405958093864
188,3.1057915687561035,-2.552032470703125,0.2629518508911133,-0.18477439880371094,0.9481230678696632,-1.419135004029751,-0.8668460845947266,-1.419135004029751,334.90327870652527,258.6543420000186,319.90327870652527,-61.2489367065067
58,3.2210500240325928,-2.6284217834472656,0.2791404724121094,-0.24080276489257812,0.9562205541586876,-1.431398464396,-1.1292023658752441,-1.431398464396,375.81621166848174,276.3065207843326,360.81621166848174,-84.50969088414917
84,3.259474992752075,-2.637791633605957,0.25708675384521484,-0.1430511474609375,0.9588669400324821,-1.5358735461125375,-1.22039794921875,-1.5358735461125375,390.537968042043,282.4350510550206,375.537968042043,-93.10291698702241
99,3.2622549533843994,-2.6140689849853516,0.2558469772338867,-0.2110004425048828,0.959057255537033,-1.4440112869434358,-1.2270703315734863,-1.4440112869434358,391.6251586920642,282.8832523388502,376.6251586920642,-93.741906353214
4,3.2633936405181885,-2.6072263717651367,0.25839805603027344,1.0657310485839844,0.959073681210041,-2.71388373913908,-1.230043888092041,-2.71388373913908,392.0713512101633,283.04888132274317,377.0713512101633,-94.02246988742013
162,3.274523973464966,-2.6604175567626953,0.2545356750488281,-1.2362003326416016,0.9599247286739349,-0.4642924954471589,-1.2565269470214844,-1.2565269470214844,396.4596119868141,284.87788504513793,381.4596119868141,-96.58172694167615
137,3.425394296646118,-2.8753280639648438,0.13561248779296875,-0.7569789886474609,0.9663981728572845,-1.1519509024600985,-1.6506657600402832,-1.6506657600402832,461.0214161379611,309.2240110014405,446.0214161379611,-136.79740513652064
60,3.4288887977600098,-2.823352813720703,0.14336109161376953,0.5340576171875,0.9664730146455764,-2.3909374162626267,-1.6604394912719727,-2.3909374162626267,462.63527416220774,309.78768199790863,447.63527416220774,-137.8475921642991
115,3.5742037296295166,-2.808094024658203,0.10378360748291016,2.7573108673095703,0.9701007418556212,-4.5953041501121525,-2.079909324645996,-4.5953041501121525,534.9931433960479,334.3357953347121,519.9931433960479,-185.65734806133582
18,3.7162156105041504,-2.7152061462402344,0.05996227264404297,-2.448558807373047,0.9728521038351058,0.7062047649679183,-2.5227441787719727,-2.5227441787719727,616.6279302413093,359.9056589055742,601.6279302413093,-241.72227133573506
71,3.748887777328491,-2.6305675506591797,0.05078315734863281,-0.9763240814208984,0.9732047000489235,-0.6810387691893578,-2.630122184753418,-2.630122184753418,637.1072306853231,365.9540282616653,622.1072306853231,-256.1532024236578
47,3.8092899322509766,-2.5817394256591797,0.03612041473388672,-0.5328655242919922,0.9739316287055015,-1.074942272661686,-2.8328747749328613,-2.8328747749328613,676.7758556320788,377.43375104860166,661.7758556320788,-284.3421045834771
123,3.8899385929107666,-2.6551246643066406,0.04639625549316406,-1.6951560974121094,0.9747669915041923,0.014798424609661076,-3.113560199737549,-3.113560199737549,733.6182471116111,393.2698807429076,718.6182471116111,-325.3483663687035
37,3.8995649814605713,-2.6351451873779297,0.021219253540039062,0.07510185241699219,0.9748430683054923,-1.7354039714894296,-3.147895336151123,-3.147895336151123,740.7144419712894,395.19436478077284,725.7144419712894,-330.52007719051653
143,3.97767972946167,-2.6174545288085938,0.042319297790527344,1.8203258514404297,0.9755166444001198,-3.4622637358489037,-3.4323153495788574,-3.4622637358489037,800.8950626543242,411.18683013855514,785.8950626543242,-374.70823251576905
112,3.98266339302063,-2.6355743408203125,0.03478527069091797,-1.3625621795654297,0.9756449622516631,-0.29736719900321973,-3.450502395629883,-3.450502395629883,804.8964166118113,412.2648833727724,789.8964166118113,-377.63153323903896
20,3.986424684524536,-2.629995346069336,0.042700767517089844,-0.9286403656005859,0.9756129754147529,-0.7257420050539971,-3.4647531509399414,-3.4647531509399414,807.9295673713184,413.0258418919349,792.9295673713184,-379.9037254793835
119,4.054614067077637,-2.6305675506591797,0.05218982696533203,2.130270004272461,0.9762240598511696,-3.784613495080471,-3.723045825958252,-3.784613495080471,864.9435703202126,427.5891597559626,849.9435703202126,-422.35441056425003
96,4.078779220581055,-2.6433467864990234,0.011539459228515625,-1.5163421630859375,0.9765258970303535,-0.1504787263827324,-3.8163323402404785,-3.8163323402404785,886.0996549793172,432.9102274914222,871.0996549793172,-438.189427487895
126,4.086702823638916,-2.6787281036376953,0.032138824462890625,-0.6449222564697266,0.9766301321282386,-1.05717571503973,-3.8471431732177734,-3.8471431732177734,893.1486467414377,434.6716822489379,878.1486467414377,-443.4769644924998
176,4.115258693695068,-2.6067733764648438,0.023627281188964844,-0.29206275939941406,0.9768078505001068,-1.337902766565323,-3.9599404335021973,-3.9599404335021973,919.0209281121134,440.99005593034093,904.0209281121134,-463.0308721817725
142,4.133965492248535,-2.614259719848633,0.039696693420410156,0.8463859558105469,0.976967784684658,-2.483677890974522,-4.034523963928223,-4.034523963928223,936.3746779644918,445.19871667961286,921.3746779644918,-476.1759612848789
177,4.17603063583374,-2.6410579681396484,0.0438690185546875,0.4947185516357422,0.9774146123909949,-2.158361907384396,-4.20441198348999,-4.20441198348999,976.6035990788057,454.8503667959914,961.6035990788057,-506.7532322828143
133,4.2228169441223145,-2.650928497314453,0.02429485321044922,-0.3445148468017578,0.9778404448761939,-1.3285732056365014,-4.3978095054626465,-4.3978095054626465,1023.3810149328035,465.7972464314517,1008.3810149328035,-542.5837685013519
30,4.239139556884766,-2.616548538208008,0.035262107849121094,1.767873764038086,0.9779306008257865,-3.406491701420307,-4.46655797958374,-4.46655797958374,1040.222340249149,469.64994743086805,1025.222340249149,-555.5723928182811
160,4.350730895996094,-2.679777145385742,0.04220008850097656,-1.7368793487548828,0.9790853379883765,0.03618754135751712,-4.9494948387146,-4.9494948387146,1163.0266848522556,497.1301200357872,1148.0266848522556,-650.8965648164684
196,4.401275157928467,-2.629709243774414,0.01823902130126953,0.7915496826171875,0.9794959798135757,-2.441762946578026,-5.177559852600098,-5.177559852600098,1223.3219645215356,510.04181638232365,1208.3219645215356,-698.280148139212
82,4.532516956329346,-2.6898860931396484,0.05595684051513672,-1.1622905731201172,0.98081719672966,-0.5467783232898713,-5.795965194702148,-5.795965194702148,1394.8848658821125,545.296856944138,1379.8848658821125,-834.5880089379746
163,4.591303825378418,-2.6998519897460938,0.033473968505859375,2.9587745666503906,0.9812583433761596,-4.6773682130203245,-6.086820602416992,-6.086820602416992,1479.3440018152046,561.782440914371,1464.3440018152046,-902.5615609008336
181,4.60752534866333,-2.6957035064697266,0.0453948974609375,0.15497207641601562,0.9814644670472145,-1.8692111158385276,-6.168249607086182,-6.168249607086182,1503.5369073741006,566.4672330465678,1488.5369073741006,-922.0696743275328
54,4.699296474456787,-2.695894241333008,0.023055076599121094,-1.3589859008789062,0.9823954198527335,-0.3545129206013681,-6.642384052276611,-6.642384052276611,1648.047735158951,593.573539378073,1633.047735158951,-1039.4741957808778
79,4.727016448974609,-2.6697158813476562,0.03674030303955078,-0.19431114196777344,0.9825794367909431,-1.4928253025889398,-6.79026460647583,-6.79026460647583,1694.3706451634487,601.9537882242889,1679.3706451634487,-1077.4168569391597
199,4.738856792449951,-2.7233123779296875,0.03941059112548828,0.06794929504394531,0.9827571551628113,-1.8085045178108214,-6.853670120239258,-6.853670120239258,1714.5518158005048,605.6303781101901,1699.5518158005048,-1093.9214376903146
135,4.7692646980285645,-2.648639678955078,0.02231597900390625,1.2481212615966797,0.9829535222311019,-2.9138074183206557,-7.019227027893066,-7.019227027893066,1767.4885136912048,615.0128735545993,1752.4885136912048,-1137.4756401366055
150,4.826787948608398,-2.693605422973633,0.04239082336425781,-0.07748603820800781,0.9835522565374374,-1.6325671282281875,-7.338438987731934,-7.338438987731934,1872.1413276185215,633.3075938779976,1857.1413276185215,-1223.8337337405237
